,Date.Sampled,Address,X11th.Draw,median_lead,tract_income
0,9/4/2019,100XX S BELL AVE,4.35,2.4450000000000003,122727.0
1,7/16/2016,100XX S CALHOUN AVE,2.75,11.3,44423.0
2,12/17/2019,100XX S CALUMET AVE,8.72,11.35,40612.0
3,12/14/2019,100XX S CARPENTER ST,7.23,8.424999999999999,37207.0
5,12/14/2021,100XX S LASALLE ST,5.3,9.65,39787.0
6,9/16/2016,100XX S WASHTENAW AVE,11.4,8.265,98281.0
9,3/23/2022,101XX S LASALLE ST,0.5,0.5,39787.0
12,12/10/2016,101XX S SEELEY AVE,11.1,7.945,73300.0
15,1/24/2020,101XX S YATES AVE,17.2,15.45,44423.0
17,12/20/2016,102XX S ARTESIAN AVE,1.26,4.890000000000001,98281.0
20,9/17/2019,102XX S OGLESBY AVE,4.85,25.8,30069.0
21,9/28/2016,103XX S HAMILTON AVE,8.88,6.675000000000001,110344.0
23,10/8/2016,103XX S PROSPECT AVE,6.78,11.15,64656.0
24,8/26/2016,103XX S ST LOUIS AVE,6.93,7.970000000000001,100361.0
25,7/25/2016,103XX S VERNON AVE,9.34,4.93,45273.0
33,9/14/2021,104XX S RHODES AVE,12.0,8.6,45273.0
34,11/1/2021,104XX S SPRINGFIELD AVE,14.5,9.495,100361.0
35,1/13/2017,104XX S TRUMBULL AVE,0.5,9.8,100361.0
36,10/10/2019,105XX S CENTRAL PARK AVE,1.7,11.379999999999999,100361.0
40,10/29/2019,105XX S HOMAN AVE,13.7,7.78,100361.0
41,3/13/2020,105XX S KEDZIE AVE,12.8,15.95,91924.0
42,11/4/2021,105XX S KEDZIE AVE,12.3,15.7,91924.0
43,10/8/2019,105XX S OAKLEY AVE,20.7,20.9,110344.0
44,8/30/2021,105XX S SEELEY AVE,8.52,5.09,110344.0
46,10/19/2021,106XX S CHURCH ST,6.32,10.95,64656.0
47,9/10/2019,106XX S DRAKE AVE,15.3,14.45,100361.0
49,11/30/2021,106XX S EBERHART AVE,26.6,14.1,45273.0
56,9/12/2017,107XX S CHAMPLAIN AVE,9.87,12.3,27247.0
58,10/5/2016,107XX S SPAULDING AVE,8.88,9.745,118640.0
62,12/19/2019,108XX S AVENUE F,7.73,11.350000000000001,62311.0
63,9/4/2019,108XX S CENTRAL PARK AVE,8.47,13.2,118640.0
64,2/22/2020,108XX S DRAKE AVE,6.32,3.52,118640.0
65,12/6/2021,108XX S EGGLESTON AVE,0.5,1.8,41167.0
66,1/28/2020,108XX S GREEN ST,3.0,3.825,40692.0
67,3/2/2022,108XX S HAMLIN AVE,3.45,4.49,118640.0
68,9/3/2019,108XX S PROSPECT AVE,6.47,4.4350000000000005,78594.0
70,3/10/2020,109XX S EWING AVE,3.01,3.145,41860.0
71,1/24/2020,109XX S LAWNDALE AVE,11.0,10.46,118640.0
73,9/18/2019,109XX S PEORIA ST,13.3,10.5,40692.0
74,11/5/2019,10XX N CENTRAL PARK AVE,0.822,1.49,32895.0
75,2/7/2020,10XX N DAMEN AVE,2.2,11.55,113618.0
77,10/9/2019,10XX N MASSASOIT AVE,4.41,6.125,29917.0
79,9/1/2017,10XX W 18TH ST,1.79,1.045,62614.0
80,7/28/2017,10XX W DICKENS AVE,11.7,14.399999999999999,138934.0
81,10/5/2016,110XX S CENTRAL PARK AVE,11.2,5.135,118640.0
82,1/21/2020,110XX S EBERHART AVE,1.15,5.835,38693.0
83,11/1/2021,110XX S HOMEWOOD AVE,10.9,6.395,78594.0
85,2/2/2022,110XX S SANGAMON ST,35.0,22.0,40692.0
89,11/5/2016,111XX S DRAKE AVE,1.68,10.445,85798.0
90,12/2/2016,111XX S HOYNE AVE,6.44,7.17,54896.0
91,3/4/2022,111XX S LOOMIS ST,5.5,4.4,37159.0
94,12/5/2019,112XX S AVENUE H,5.33,12.95,62311.0
101,7/20/2018,112XX S SPAULDING AVE,23.9,7.305,85798.0
105,1/11/2020,113XX S COTTAGE GROVE AVE,3.7,8.48,42263.0
107,7/27/2021,113XX S HOMEWOOD AVE,14.4,34.55,54896.0
109,9/1/2021,113XX S LOTHAIR AVE,23.0,22.0,54896.0
115,2/18/2020,113XX S TRUMBULL AVE,2.11,5.970000000000001,85798.0
117,2/10/2020,114XX S CALUMET AVE,0.91,1.65,29737.0
118,1/27/2020,114XX S FORRESTVILLE AVE,11.0,22.1,42263.0
124,9/19/2019,115XX S ARTESIAN AVE,2.38,2.535,88224.0
127,8/30/2019,115XX S EWING AVE,4.03,7.3100000000000005,44738.0
128,10/15/2021,115XX S JUSTINE ST,13.2,13.8,47039.0
129,9/29/2021,115XX S MAY ST,3.9,12.5,47039.0
132,9/4/2019,116XX S LONGWOOD DR,8.53,6.01,54896.0
133,10/16/2019,116XX S MAY ST,12.4,8.21,47039.0
134,10/4/2019,116XX S MAY ST,12.6,6.84,47039.0
139,8/16/2021,117XX S LONGWOOD DR,12.5,16.0,54896.0
140,11/30/2021,117XX S PEORIA ST,3.66,8.690000000000001,47039.0
141,12/12/2019,118XX S CAMPBELL AVE,12.6,10.649999999999999,88224.0
142,11/24/2021,118XX S MAPLEWOOD AVE,0.5,0.5,88224.0
146,8/23/2019,11XX N MASSASOIT AVE,31.5,28.85,29917.0
148,3/3/2020,11XX W 111TH ST,0.47,1.935,37159.0
151,3/16/2016,11XX W GEORGE ST,5.47,9.14,128750.0
152,3/26/2016,11XX W LUNT AVE,0.5,0.5,39152.0
154,12/11/2018,11XX W WEBSTER AVE,4.91,5.02,138934.0
156,12/1/2021,11XX W WRIGHTWOOD AVE,2.4,7.25,113409.0
158,3/31/2022,121XX S JUSTINE ST,2.65,22.0,58065.0
159,8/30/2021,121XX S RACINE AVE,14.0,12.0,58065.0
163,9/24/2019,121XX S WALLACE ST,6.3,8.01,44436.0
167,3/13/2020,122XX S ELIZABETH ST,34.6,29.55,58065.0
168,8/26/2021,122XX S MORGAN ST,18.0,8.8,58065.0
169,2/13/2020,125XX S EDBROOKE AVE,12.4,17.5,32566.0
175,2/22/2022,127XX S SAGINAW AVE,0.69,3.8,53125.0
177,9/19/2019,127XX S WALLACE ST,15.6,16.35,39231.0
180,2/14/2017,128XX S WALLACE ST,2.66,12.4,39231.0
184,8/19/2019,12XX E 71ST ST,13.9,15.65,37328.0
186,10/5/2021,12XX N MARION CT,4.6,11.649999999999999,104167.0
187,2/7/2020,12XX W DRAPER ST,2.19,5.2,155729.0
188,9/24/2019,12XX W EARLY AVE,3.35,7.245,79414.0
191,9/1/2016,12XX W VICTORIA ST,5.48,4.29,79414.0
194,1/3/2020,131XX S BURLEY AVE,8.07,8.405000000000001,50637.0
195,9/11/2019,131XX S MUSKEGON AVE,11.8,28.05,53125.0
198,10/28/2021,13XX E 52ND ST,2.8,5.0,38852.0
199,7/17/2019,13XX E 55TH PL,6.48,11.3,84605.0
200,3/30/2017,13XX E 87TH ST,19.9,12.35,42766.0
201,8/31/2021,13XX E 88TH PL,11.6,9.235,45441.0
202,8/5/2021,13XX N MAPLEWOOD AVE,17.6,21.1,75658.0
203,7/7/2016,13XX N MONITOR AVE,22.0,19.95,43625.0
204,10/16/2019,13XX W 108TH ST,7.75,13.75,40692.0
205,2/28/2022,13XX W 109TH ST,2.4,11.0,40692.0
209,12/8/2021,13XX W CARMEN AVE,10.0,12.0,68304.0
212,12/7/2018,13XX W WINONA ST,4.4,4.03,68304.0
213,8/23/2016,13XX W WINONA ST,5.06,16.65,68304.0
214,2/8/2017,14XX E 54TH ST,21.1,24.2,42201.0
215,2/22/2022,14XX E 54TH ST,3.23,5.965,42201.0
216,9/15/2021,14XX E 66TH PL,2.89,4.365,34381.0
217,12/20/2019,14XX E 90TH PL,6.23,8.26,34107.0
218,9/28/2021,14XX N KOLIN AVE,4.9,7.25,41931.0
220,9/16/2019,14XX N LOREL AVE,15.7,9.245000000000001,40349.0
224,2/17/2022,14XX W 103RD ST,0.96,6.800000000000001,73300.0
225,8/27/2021,14XX W 107TH ST,4.32,2.5300000000000002,64656.0
226,2/6/2020,14XX W 123RD ST,1.88,2.295,58065.0
227,2/7/2022,14XX W CARMEN AVE,8.9,5.449999999999999,68304.0
228,1/31/2022,14XX W EDGEWATER AVE,4.4,19.5,79414.0
229,11/15/2021,14XX W FARRAGUT AVE,12.6,12.4,90288.0
231,7/25/2018,14XX W FLOURNOY ST,1.94,2.3899999999999997,55284.0
232,5/24/2018,14XX W GEORGE ST,18.1,8.475000000000001,168352.0
233,2/11/2020,14XX W GLENLAKE AVE,4.63,18.75,65810.0
234,8/3/2018,14XX W LILL AVE,24.6,5.635,157125.0
235,10/31/2018,14XX W LILL AVE,2.77,8.344999999999999,157125.0
236,10/28/2016,14XX W MELROSE ST,0.5,0.5,127059.0
237,2/26/2020,14XX W NORWOOD ST,4.02,11.3,65810.0
238,10/1/2018,14XX W OLIVE AVE,6.42,10.565,79414.0
239,3/3/2020,14XX W RASCHER AVE,3.17,9.725,90288.0
240,2/17/2017,14XX W ROSEMONT AVE,17.3,4.475,65810.0
243,7/27/2018,14XX W WINNEMAC AVE,1.33,4.83,68304.0
244,6/6/2019,15XX E 76TH PL,1.52,7.76,47727.0
245,12/17/2019,15XX E 84TH PL,8.22,3.96,42766.0
248,7/1/2016,15XX N CLAREMONT AVE,7.0,14.899999999999999,106339.0
249,8/3/2021,15XX N KEDZIE AVE,7.24,6.885,43438.0
254,8/15/2019,15XX W EDGEWATER AVE,6.92,20.9,79414.0
255,2/26/2020,15XX W ROSCOE ST,4.48,4.875,127059.0
257,10/19/2021,16XX N BURLING ST,12.2,6.465,141806.0
258,10/13/2016,16XX N CLEVELAND AVE,7.77,8.615,162054.0
259,11/1/2021,16XX N FRANCISCO AVE,30.5,29.25,48350.0
262,9/3/2019,16XX N NASHVILLE AVE,3.65,8.11,90058.0
263,11/8/2021,16XX N NORMANDY AVE,3.53,11.3,90058.0
264,3/24/2017,16XX W 100TH PL,3.4,11.899999999999999,73300.0
265,10/21/2019,16XX W 102ND ST,32.9,28.6,73300.0
272,12/27/2018,16XX W SUMMERDALE AVE,52.2,50.349999999999994,95958.0
273,1/27/2020,16XX W TOUHY AVE,1.12,6.695,41161.0
276,8/2/2018,17XX N DAYTON ST,18.7,7.3149999999999995,148616.0
277,10/3/2019,17XX N HARDING AVE,16.0,15.25,58250.0
280,6/7/2017,17XX N MELVINA AVE,3.5,4.795,45479.0
286,1/13/2020,17XX N NEWLAND AVE,6.64,11.55,90058.0
298,12/6/2019,17XX N TALMAN AVE,10.9,19.15,76875.0
299,8/25/2021,17XX N TROY ST,2.65,4.390000000000001,55000.0
300,6/28/2019,17XX W 100TH PL,4.86,7.215,73300.0
301,12/18/2019,17XX W 105TH ST,4.57,5.93,64656.0
302,10/14/2021,17XX W 106TH ST,6.84,11.254999999999999,64656.0
303,4/5/2018,17XX W 18TH PL,1.48,2.0,52152.0
307,9/6/2019,17XX W HENDERSON ST,6.72,11.4,131818.0
308,1/3/2020,17XX W HIGHLAND AVE,21.9,5.8149999999999995,38427.0
309,9/22/2018,17XX W SCHOOL ST,3.42,4.22,131818.0
310,8/20/2019,17XX W THORNDALE AVE,28.4,10.25,50781.0
311,12/9/2019,17XX W WRIGHTWOOD AVE,7.11,11.2,120192.0
312,12/30/2016,18XX N DAYTON ST,26.3,21.65,148616.0
313,3/25/2017,18XX N DAYTON ST,14.8,17.1,148616.0
314,11/10/2021,18XX N DAYTON ST,20.0,6.300000000000001,148616.0
324,12/12/2019,18XX N HUDSON AVE,11.2,6.87,142583.0
331,2/9/2022,18XX N MOBILE AVE,6.0,7.4,45479.0
333,1/24/2020,18XX N MOHAWK ST,20.6,11.85,142583.0
334,12/13/2021,18XX N NATCHEZ AVE,5.4,6.65,90058.0
335,9/28/2021,18XX N NEW ENGLAND AVE,10.0,6.85,90058.0
336,2/1/2022,18XX N WILMOT AVE,10.0,16.0,134500.0
340,9/3/2019,18XX W 34TH ST,7.43,16.8,44861.0
341,4/30/2016,18XX W CUYLER AVE,1.41,4.52,114012.0
343,8/27/2016,18XX W WELLINGTON AVE,10.2,9.195,178750.0
349,9/16/2019,19XX N HUMBOLDT BLVD,4.27,7.395,79250.0
350,11/24/2021,19XX N LINCOLN AVE,19.5,8.21,94598.0
351,12/9/2021,19XX N OAKLEY AVE,4.23,10.13,134500.0
353,3/19/2022,19XX S LOOMIS ST,2.0,7.05,35175.0
354,12/13/2016,19XX W 115TH ST,2.81,5.485,54896.0
356,1/27/2020,19XX W ADDISON ST,0.61,0.685,105513.0
357,8/17/2018,19XX W BRADLEY PL,12.8,9.205,105513.0
358,8/18/2021,19XX W BRADLEY PL,2.57,6.025,105513.0
361,8/11/2021,19XX W ESTES AVE,7.74,9.39,55529.0
362,10/7/2021,19XX W EVERGREEN AVE,7.64,18.200000000000003,104167.0
364,2/8/2022,19XX W HENDERSON ST,1.69,2.8949999999999996,129167.0
365,8/9/2018,19XX W NELSON ST,7.58,16.05,178750.0
366,3/22/2022,1XX E 117TH ST,1.0,2.6,35875.0
367,3/19/2022,1XX N LEAMINGTON AVE,12.0,40.5,22984.0
368,8/27/2021,1XX N LOREL AVE,5.8,6.8,21281.0
370,3/7/2020,20XX E 73RD ST,9.29,16.1,44286.0
375,3/25/2022,20XX N KENMORE AVE,10.9,17.0,138934.0
376,11/8/2021,20XX N NEW ENGLAND AVE,16.0,9.35,90058.0
377,11/16/2021,20XX N SHEFFIELD AVE,7.0,14.0,138934.0
379,12/3/2021,20XX W 21ST ST,17.0,12.3,41281.0
380,4/8/2017,20XX W 21ST ST,3.18,10.48,41281.0
382,9/29/2017,20XX W BERWYN AVE,4.05,3.575,85368.0
383,2/8/2020,20XX W BRADLEY PL,2.19,4.0649999999999995,133845.0
384,2/4/2019,20XX W BRADLEY PL,10.3,18.35,133845.0
388,2/28/2017,20XX W EVERGREEN AVE,2.91,15.600000000000001,104167.0
389,2/28/2017,20XX W LUNT AVE,0.5,0.5,63977.0
391,2/2/2022,20XX W OHIO ST,5.9,4.75,77794.0
393,10/22/2021,20XX W THOMAS ST,5.2,21.0,93980.0
394,10/17/2018,20XX W WILLOW ST,1.89,3.95,159020.0
395,2/27/2020,21XX E 96TH ST,5.82,12.35,30069.0
396,3/25/2017,21XX N HUDSON AVE,4.8,5.15,112788.0
399,3/29/2022,21XX S DRAKE AVE,9.92,14.8,26439.0
402,3/24/2017,21XX W 110TH ST,3.66,9.685,78594.0
403,7/2/2019,21XX W 115TH ST,13.0,8.34,54896.0
405,2/1/2022,21XX W 19TH ST,1.7,4.55,44336.0
408,4/6/2019,21XX W 82ND PL,0.5,6.01,42596.0
409,4/14/2016,21XX W BELLE PLAINE AVE,4.34,14.25,85671.0
410,1/25/2022,21XX W ERIE ST,11.0,19.0,77794.0
411,12/16/2021,21XX W GREENLEAF AVE,11.6,15.75,63977.0
412,3/18/2020,21XX W LUNT AVE,28.4,15.95,63977.0
413,1/27/2017,21XX W PENSACOLA AVE,11.2,8.959999999999999,85671.0
415,7/14/2017,22XX N CAMPBELL AVE,9.58,12.649999999999999,64495.0
417,9/6/2019,22XX N KILDARE AVE,5.95,7.445,42109.0
418,2/28/2022,22XX N LAKEWOOD AVE,2.3,4.3,132222.0
421,11/17/2018,22XX N LAWNDALE AVE,9.04,5.76,56667.0
422,4/4/2022,22XX N MAGNOLIA AVE,3.13,11.4,132222.0
425,11/15/2021,22XX W 110TH PL,1.74,3.36,78594.0
427,1/28/2017,22XX W BERWYN AVE,3.61,7.390000000000001,85368.0
428,8/24/2021,22XX W BIRCHWOOD AVE,32.1,14.95,51346.0
429,10/20/2016,22XX W ESTES AVE,7.43,15.0,63977.0
431,2/8/2020,22XX W LELAND AVE,5.03,20.85,82383.0
434,10/28/2016,22XX W SHAKESPEARE AVE,5.12,8.54,133438.0
436,3/9/2022,22XX W WINNEMAC AVE,2.2,5.45,89063.0
438,2/18/2020,23XX N MONTICELLO AVE,3.19,10.004999999999999,56667.0
440,2/19/2020,23XX N RUTHERFORD AVE,16.3,8.4,40262.0
441,3/19/2019,23XX S MARSHALL BLVD,0.5,0.5,37966.0
442,2/24/2022,23XX W 107TH ST,4.0,7.25,78594.0
443,9/15/2016,23XX W 110TH ST,9.07,9.075,78594.0
445,8/3/2021,23XX W 116TH PL,26.0,14.7,54896.0
446,11/26/2019,23XX W 35TH PL,2.94,4.890000000000001,53295.0
447,10/14/2021,23XX W 80TH ST,0.5,8.025,66886.0
448,4/1/2022,23XX W IOWA ST,6.32,3.565,85000.0
450,8/29/2017,24XX N BERNARD ST,7.46,13.85,75438.0
451,8/23/2021,24XX N FAIRFIELD AVE,10.2,33.065,88942.0
452,2/21/2020,24XX N LAWNDALE AVE,9.92,16.1,65417.0
454,10/7/2019,24XX S LAWNDALE AVE,4.5,10.95,44492.0
455,9/21/2018,24XX S OAKLEY AVE,13.1,6.385,50039.0
456,3/29/2022,24XX S RIDGEWAY AVE,2.18,18.8,44492.0
458,2/28/2020,24XX W BERTEAU AVE,3.66,5.33,84844.0
459,12/7/2018,24XX W BYRON ST,2.36,3.925,112386.0
461,10/6/2021,24XX W HOMER ST,0.5,0.5,103750.0
463,10/15/2021,24XX W POLK ST,2.79,4.645,80313.0
464,12/6/2021,24XX W SUPERIOR ST,4.8,21.5,86806.0
467,8/14/2018,25XX E 96TH ST,10.2,17.5,44423.0
469,8/19/2016,25XX N CENTRAL PARK AVE,7.28,20.5,75438.0
470,9/29/2021,25XX N HARDING AVE,5.48,8.629999999999999,65417.0
471,10/8/2021,25XX N HARDING AVE,10.9,14.45,65417.0
473,11/23/2021,25XX N LINDEN PL,7.4,29.0,91389.0
477,1/28/2022,25XX N OAK PARK AVE,5.3,4.5,40262.0
480,8/21/2018,25XX N SPAULDING AVE,8.44,3.305,46276.0
483,12/4/2019,25XX S PRINCETON AVE,0.86,8.54,26220.0
484,8/27/2019,25XX W 109TH ST,5.92,12.899999999999999,93103.0
485,11/8/2021,25XX W 117TH ST,3.33,3.8449999999999998,88224.0
486,1/19/2017,25XX W 45TH PL,7.73,12.850000000000001,42946.0
490,11/8/2018,25XX W BELDEN AVE,4.36,10.07,64495.0
492,10/10/2019,25XX W HUTCHINSON ST,6.61,5.415,84844.0
493,7/22/2016,25XX W JARVIS AVE,15.3,5.95,66831.0
494,1/21/2022,26XX E 79TH ST,1.9,9.75,21933.0
496,4/1/2022,26XX N SACRAMENTO AVE,13.7,6.51,95333.0
497,6/29/2017,26XX N SEMINARY AVE,0.5,0.5,113409.0
499,11/5/2019,26XX W 104TH ST,13.5,5.68,119500.0
501,10/19/2019,26XX W 79TH PL,1.94,3.085,66886.0
502,8/28/2019,26XX W 83RD PL,3.53,6.285,95750.0
504,2/1/2022,26XX W WILSON AVE,1.7,3.3,76809.0
505,10/17/2019,26XX W WILSON AVE,17.7,7.85,76809.0
506,3/3/2022,26XX W WINDSOR AVE,4.12,5.94,76809.0
507,11/3/2021,27XX N BOSWORTH AVE,6.88,32.45,157125.0
512,12/30/2019,27XX N RACINE AVE,2.38,16.05,155729.0
513,2/10/2020,27XX N SEMINARY AVE,3.0,4.13,113409.0
514,11/9/2021,27XX N TROY ST,3.05,13.4,91389.0
515,5/20/2017,27XX N WAYNE AVE,19.0,11.350000000000001,155729.0
516,1/7/2020,27XX N WHIPPLE ST,9.83,19.5,91389.0
519,1/17/2020,27XX S KILDARE AVE,3.72,12.15,34427.0
523,4/11/2022,27XX W FARWELL AVE,3.23,6.315,72572.0
526,7/29/2019,27XX W LOGAN BLVD,35.3,18.0,88942.0
527,3/31/2019,27XX W LOGAN BLVD,3.72,12.15,88942.0
528,4/6/2022,27XX W LUNT AVE,8.07,6.02,72572.0
529,10/7/2019,27XX W MORSE AVE,15.9,11.195,72572.0
531,8/20/2019,27XX W WILSON AVE,5.48,12.899999999999999,71366.0
534,1/21/2022,28XX N RICHMOND ST,1.1,3.8,64569.0
540,9/20/2021,28XX S POPLAR AVE,2.24,3.71,57308.0
543,10/29/2021,28XX W BALMORAL AVE,7.3,5.5,90250.0
544,9/6/2019,28XX W CHASE AVE,7.65,18.700000000000003,66831.0
549,11/30/2021,28XX W EASTWOOD AVE,9.32,22.0,71366.0
551,9/14/2021,28XX W GREENLEAF AVE,23.9,14.100000000000001,54496.0
552,3/29/2022,28XX W GREGORY ST,8.08,15.35,90250.0
553,10/14/2021,28XX W LELAND AVE,15.9,7.1,71366.0
554,2/3/2022,28XX W NELSON ST,9.6,14.0,61739.0
556,9/24/2021,29XX E 101ST ST,11.0,7.75,36081.0
559,2/9/2022,29XX N BURLING ST,3.0,16.5,97305.0
561,2/3/2022,29XX N KILDARE AVE,1.5,5.800000000000001,41131.0
562,10/21/2021,29XX N LOWELL AVE,19.0,16.0,41131.0
567,11/15/2021,29XX N RACINE AVE,6.07,9.004999999999999,143667.0
568,9/21/2021,29XX N RICHMOND ST,16.5,11.45,64569.0
571,1/6/2020,29XX N SPAULDING AVE,1.51,2.395,59408.0
572,2/1/2022,29XX N TALMAN AVE,1.6,1.7,72366.0
574,10/15/2016,29XX N TROY ST,18.8,17.35,64569.0
578,10/7/2019,29XX W 39TH PL,4.46,9.685,39706.0
579,12/16/2021,29XX W BALMORAL AVE,10.0,14.399999999999999,90250.0
580,9/15/2018,29XX W BELDEN AVE,2.3,15.9,56725.0
585,8/15/2019,29XX W GIDDINGS ST,6.9,10.6,71366.0
586,12/15/2021,29XX W GIDDINGS ST,36.0,30.5,71366.0
587,9/22/2021,29XX W LELAND AVE,3.39,8.575,71366.0
589,3/24/2022,29XX W PRATT BLVD,13.0,7.65,41308.0
591,10/20/2021,2XX E 87TH ST,2.51,7.0,53594.0
592,9/5/2019,2XX E 90TH PL,3.93,8.18,71417.0
593,3/10/2022,30XX E 79TH PL,4.92,11.350000000000001,35000.0
596,11/18/2021,30XX N KENNETH AVE,16.0,7.1,41131.0
598,1/25/2022,30XX N LINDER AVE,1.03,5.58,55069.0
599,1/17/2020,30XX N LOWELL AVE,10.6,10.945,41131.0
600,8/3/2021,30XX N MANGO AVE,3.94,5.48,51421.0
603,8/14/2018,30XX S FARRELL ST,5.26,11.600000000000001,36005.0
604,5/31/2018,30XX W BELDEN AVE,3.33,5.84,91354.0
605,2/5/2020,30XX W CHASE AVE,20.5,21.25,66831.0
609,9/18/2017,30XX W WARREN BLVD,15.0,11.05,22109.0
610,12/17/2021,31XX N BERNARD ST,6.94,4.77,66994.0
611,12/6/2021,31XX N CLIFTON AVE,4.4,13.5,128750.0
612,10/1/2019,31XX N OCONTO AVE,3.58,5.395,63438.0
613,9/15/2016,31XX N OSCEOLA AVE,12.9,3.36,63438.0
614,12/7/2019,31XX N RICHMOND ST,10.8,13.2,64569.0
615,11/9/2018,31XX N SEMINARY AVE,3.8,9.945,128750.0
617,9/22/2018,31XX S KEDVALE AVE,20.0,22.4,39401.0
618,3/9/2020,31XX S PULASKI RD,3.21,13.55,39401.0
619,8/29/2019,31XX W 103RD ST,11.7,13.95,91924.0
620,11/5/2016,31XX W 103RD ST,16.4,12.950000000000001,91924.0
621,2/24/2020,31XX W JARLATH ST,2.95,23.9,66831.0
623,9/10/2021,32XX N AVERS AVE,23.6,8.35,60745.0
624,10/8/2019,32XX N NOTTINGHAM AVE,6.26,7.08,75339.0
626,1/15/2020,32XX N PLAINFIELD AVE,1.27,3.895,72574.0
629,7/16/2016,32XX S CARPENTER ST,14.1,11.5,50982.0
630,8/10/2018,32XX S LITUANICA AVE,5.16,5.665,55018.0
631,8/27/2019,32XX S LOWE AVE,9.82,15.9,50595.0
633,12/10/2021,32XX S UNION AVE,3.52,9.275,50595.0
634,10/27/2019,32XX W 112TH PL,17.3,5.58,85798.0
637,1/30/2020,33XX N KILPATRICK AVE,1.75,4.885,55125.0
639,12/1/2021,33XX N NEWLAND AVE,5.5,7.699999999999999,75339.0
641,3/18/2020,33XX N OLCOTT AVE,2.74,7.734999999999999,67571.0
643,9/20/2021,33XX N PLAINFIELD AVE,20.1,19.95,72574.0
645,3/7/2019,33XX N RIDGEWAY AVE,8.41,5.1899999999999995,60745.0
647,3/21/2022,33XX S LOWE AVE,5.7,14.0,50595.0
648,9/27/2021,33XX S MAY ST,8.2,12.0,50982.0
649,5/14/2019,33XX S PAULINA ST,17.4,5.055,44861.0
652,5/31/2017,34XX N HAMILTON AVE,0.5,1.7799999999999998,116000.0
654,9/15/2018,34XX N KILDARE AVE,18.7,25.15,47931.0
655,1/26/2017,34XX N KILDARE AVE,21.2,35.55,62250.0
656,8/1/2021,34XX N NEVA AVE,21.4,9.98,75339.0
657,3/11/2017,34XX N OPAL AVE,3.68,14.25,73133.0
665,12/19/2019,34XX N PANAMA AVE,14.9,23.3,72574.0
666,9/30/2019,34XX N TRIPP AVE,23.1,14.5,47931.0
667,10/1/2021,34XX N TRIPP AVE,24.6,9.16,47931.0
669,1/31/2020,34XX S ABERDEEN ST,1.29,4.465,50982.0
670,2/28/2022,34XX S HERMITAGE AVE,3.9,5.15,44861.0
674,9/25/2019,34XX W 115TH ST,28.7,20.55,85798.0
675,6/19/2019,34XX W 116TH ST,10.5,20.6,85798.0
676,11/13/2017,34XX W 66TH PL,12.6,17.9,39137.0
678,8/17/2021,34XX W BEACH AVE,16.6,6.3149999999999995,43438.0
679,1/25/2022,34XX W BEACH AVE,11.0,4.6,43438.0
680,8/16/2021,34XX W HIRSCH ST,21.7,8.71,43438.0
681,3/9/2020,34XX W MEDILL AVE,2.91,15.75,55194.0
682,2/13/2020,34XX W MELROSE ST,7.14,18.6,60745.0
683,10/7/2021,34XX W MONROE ST,0.5,0.5,20759.0
685,12/16/2019,34XX W WRIGHTWOOD AVE,1.58,6.955,46276.0
686,8/22/2019,35XX N DAMEN AVE,3.42,25.05,116000.0
687,7/20/2018,35XX N KOLMAR AVE,26.9,14.25,62250.0
688,2/27/2019,35XX N KOLMAR AVE,8.26,11.6,62250.0
691,1/21/2020,35XX N ORIOLE AVE,5.38,9.16,67571.0
692,10/26/2019,35XX N OZARK AVE,2.99,3.1799999999999997,73133.0
693,1/31/2020,35XX N SEELEY AVE,1.84,3.885,116000.0
696,8/10/2018,35XX S HOYNE AVE,15.8,16.4,53295.0
698,11/10/2021,35XX W 72ND ST,3.85,4.275,54425.0
701,2/10/2022,35XX W 77TH PL,7.5,7.4,62391.0
703,8/2/2018,35XX W EVERGREEN AVE,20.7,8.0,55365.0
704,3/5/2020,35XX W HIRSCH ST,11.2,11.850000000000001,55365.0
705,2/17/2022,35XX W MELROSE ST,4.3,15.5,60745.0
707,2/15/2019,35XX W PIERCE AVE,6.59,36.0,55365.0
708,1/14/2017,35XX W PIERCE AVE,1.96,3.255,55365.0
709,8/28/2019,36XX N ARTESIAN AVE,4.29,7.015000000000001,112386.0
711,9/1/2021,36XX N CHRISTIANA AVE,2.78,4.74,60409.0
712,3/4/2020,36XX N HARDING AVE,2.2,13.05,82872.0
713,10/1/2018,36XX N KIMBALL AVE,24.9,6.52,60409.0
714,10/13/2021,36XX N SACRAMENTO AVE,16.5,11.6,79671.0
715,1/31/2022,36XX N SACRAMENTO AVE,2.6,7.699999999999999,79671.0
716,2/10/2020,36XX N TRIPP AVE,14.3,12.55,82740.0
719,7/27/2016,36XX S WINCHESTER AVE,8.89,8.495000000000001,40536.0
721,5/16/2016,36XX W 115TH ST,1.75,2.115,85798.0
722,2/23/2022,36XX W 117TH ST,14.0,12.5,85798.0
723,1/27/2020,36XX W 79TH PL,4.41,9.695,68241.0
724,6/11/2018,36XX W 79TH PL,19.4,16.9,68241.0
725,12/20/2017,36XX W 86TH ST,12.5,11.95,68935.0
726,12/1/2021,36XX W WRIGHTWOOD AVE,9.7,7.3,61733.0
727,7/28/2021,36XX W WRIGHTWOOD AVE,19.5,11.25,61733.0
728,9/17/2019,37XX N BELL AVE,6.13,11.350000000000001,133845.0
732,11/26/2016,37XX N OLCOTT AVE,1.27,7.01,63281.0
734,11/29/2019,37XX N PLAINFIELD AVE,28.8,30.5,84569.0
737,10/20/2016,37XX N WHIPPLE ST,13.1,19.1,79671.0
738,9/18/2019,37XX N WHIPPLE ST,8.59,6.975,79671.0
740,12/28/2019,37XX S UNION AVE,2.58,3.2199999999999998,62536.0
741,3/6/2020,37XX S WALLACE ST,0.5,0.5,62536.0
742,6/10/2019,37XX W 103RD ST,12.4,12.055,100361.0
743,10/13/2021,37XX W 50TH PL,0.5,7.3100000000000005,56339.0
744,10/12/2021,37XX W 54TH ST,14.2,12.100000000000001,56339.0
749,9/17/2019,38XX N AVERS AVE,8.2,21.6,82872.0
751,11/19/2021,38XX N JANSSEN AVE,3.4,16.0,122708.0
758,3/10/2022,38XX N NOTTINGHAM AVE,2.64,14.25,64455.0
759,10/8/2019,38XX N PAGE AVE,3.41,8.805,84569.0
763,10/3/2018,38XX N SEELEY AVE,15.6,28.05,133845.0
764,2/20/2020,38XX S CALUMET AVE,2.82,9.600000000000001,33598.0
765,11/29/2021,38XX W 61ST PL,21.7,26.75,44722.0
766,1/6/2020,38XX W 65TH ST,8.73,6.8149999999999995,47321.0
767,8/13/2021,38XX W 68TH ST,2.16,1.5699999999999998,48634.0
768,9/14/2021,38XX W 75TH PL,2.6,6.4,64659.0
770,10/3/2019,38XX W FLOURNOY ST,10.7,36.400000000000006,28750.0
771,5/17/2021,38XX W GRENSHAW ST,2.4,5.300000000000001,21198.0
773,3/13/2020,39XX N FRANCISCO AVE,7.83,7.220000000000001,79671.0
774,9/15/2018,39XX N KEELER AVE,35.3,28.700000000000003,82740.0
780,1/21/2020,39XX N OAKLEY AVE,1.7,3.9699999999999998,133845.0
781,2/11/2020,39XX N ORIOLE AVE,3.25,3.7649999999999997,63281.0
782,4/5/2022,39XX N PAGE AVE,1.94,1.755,84569.0
783,12/20/2019,39XX N PIONEER AVE,3.32,8.035,84569.0
784,9/27/2019,39XX N RAVENSWOOD AVE,3.6,16.7,117415.0
785,12/19/2019,39XX N WHIPPLE ST,12.5,6.945,79671.0
786,11/22/2021,39XX W 105TH ST,8.4,11.0,100361.0
787,10/14/2021,39XX W 58TH PL,12.6,13.5,64861.0
788,5/3/2019,39XX W 64TH PL,16.9,11.100000000000001,47321.0
789,5/21/2019,39XX W 84TH PL,3.95,15.7,68935.0
790,9/9/2021,39XX W CORNELIA AVE,3.09,6.805,60745.0
791,8/13/2019,3XX E 89TH PL,14.1,6.890000000000001,71417.0
797,5/18/2017,3XX W WELLINGTON AVE,1.01,0.5,78720.0
800,2/7/2022,40XX N KEYSTONE AVE,6.4,8.55,56790.0
802,11/27/2018,40XX N KOLMAR AVE,9.09,7.825,82765.0
805,9/20/2019,40XX N PLAINFIELD AVE,10.8,11.850000000000001,84569.0
806,11/26/2019,40XX S CAMPBELL AVE,5.2,2.695,44986.0
808,10/4/2021,41XX N BELL AVE,13.0,10.7,85671.0
809,12/23/2019,41XX N HARDING AVE,3.71,8.07,56029.0
811,8/24/2021,41XX N KEELER AVE,11.4,12.35,56790.0
813,2/24/2022,41XX N KILBOURN AVE,2.6,8.15,82765.0
814,11/28/2018,41XX N LAWNDALE AVE,1.69,4.855,56029.0
817,9/8/2021,41XX N MCVICKER AVE,4.8,9.555,61967.0
821,5/18/2021,41XX S BERKELEY AVE,0.5,0.5,30616.0
824,12/9/2019,41XX W NELSON ST,0.67,0.76,51141.0
825,10/11/2019,41XX W WELLINGTON AVE,2.61,2.275,51141.0
826,8/19/2017,42XX N AVERS AVE,5.51,10.5,56029.0
827,8/18/2016,42XX N AVERS AVE,2.41,7.975,56029.0
828,11/22/2021,42XX N KEDVALE AVE,10.2,16.549999999999997,56790.0
829,12/8/2018,42XX N MASON AVE,25.2,13.3,76017.0
830,2/24/2022,42XX N MEADE AVE,12.0,3.55,61967.0
831,9/23/2019,42XX N SACRAMENTO AVE,6.07,2.245,68902.0
832,10/4/2021,42XX N SAWYER AVE,24.0,8.105,56190.0
833,11/28/2018,42XX S INDIANA AVE,3.71,4.425,19015.0
834,9/13/2019,42XX S PRAIRIE AVE,19.4,26.75,19015.0
835,12/6/2019,42XX S PRAIRIE AVE,29.6,15.25,19015.0
837,9/19/2018,42XX W WELLINGTON AVE,4.81,9.15,41131.0
838,11/24/2021,43XX N AVERS AVE,5.81,11.7,56029.0
839,3/9/2020,43XX N BERNARD ST,2.33,6.63,56190.0
840,1/20/2017,43XX N HARDING AVE,10.9,13.75,56029.0
841,3/16/2022,43XX N LOWELL AVE,4.4,3.9,82765.0
842,11/9/2019,43XX N RIDGEWAY AVE,2.85,9.975000000000001,56029.0
843,10/3/2019,43XX S BERKELEY AVE,0.5,0.5,97786.0
844,3/4/2020,43XX S FORRESTVILLE AVE,20.9,7.675,65667.0
847,10/7/2017,44XX N DAMEN AVE,9.64,20.8,76964.0
849,10/20/2021,44XX N FRANCISCO AVE,10.4,3.065,71366.0
851,2/24/2022,44XX N MARMORA AVE,1.6,5.7,64225.0
852,8/9/2021,44XX N MASON AVE,5.31,14.4,64225.0
855,4/7/2018,44XX N MENARD AVE,19.9,5.38,64225.0
856,11/30/2016,44XX N MONTICELLO AVE,13.9,8.940000000000001,51982.0
857,8/26/2019,44XX N MOZART ST,10.2,18.1,71366.0
859,7/30/2018,44XX N SAWYER AVE,3.1,4.995,58824.0
860,1/7/2020,44XX S DRAKE AVE,12.2,7.895,41167.0
861,11/25/2019,44XX S EMERALD AVE,7.35,4.484999999999999,62813.0
862,10/27/2019,44XX W 81ST PL,11.8,7.04,67765.0
864,11/6/2018,44XX W JACKSON BLVD,7.57,10.3,29286.0
865,10/22/2016,44XX W LELAND AVE,24.8,9.125,69844.0
867,3/17/2022,45XX N BEACON ST,7.4,7.4,56175.0
870,3/17/2022,45XX N KENNETH AVE,4.2,19.5,69844.0
871,11/7/2018,45XX N KOSTNER AVE,1.45,1.4449999999999998,82765.0
873,3/1/2017,45XX N MALDEN ST,0.5,0.5,56175.0
874,9/10/2019,45XX N MEADE AVE,14.4,4.0,69320.0
876,7/28/2018,45XX N MERRIMAC AVE,8.04,32.55,69320.0
877,4/7/2022,45XX N SACRAMENTO AVE,2.13,8.725,71366.0
878,1/4/2018,45XX N SPRINGFIELD AVE,4.6,6.73,48077.0
879,6/13/2018,45XX N VIRGINIA AVE,10.1,6.39,76809.0
880,8/31/2021,45XX N VIRGINIA AVE,4.51,2.9050000000000002,76809.0
887,1/14/2020,45XX W SCHUBERT AVE,12.2,9.74,44077.0
888,10/19/2021,46XX N AVERS AVE,5.28,12.35,48077.0
889,1/22/2020,46XX N KASSON AVE,1.57,3.875,62264.0
890,11/30/2021,46XX N KNOX AVE,6.1,6.2,69844.0
892,8/2/2018,46XX N LARAMIE AVE,10.8,16.0,76545.0
893,7/16/2016,46XX N WINCHESTER AVE,10.7,17.75,72500.0
894,10/27/2021,46XX N WINCHESTER AVE,12.0,19.5,72500.0
897,3/8/2019,46XX S HERMITAGE AVE,2.17,3.765,35804.0
898,1/25/2022,46XX W ADDISON ST,7.7,11.0,55125.0
900,2/8/2022,47XX N KARLOV AVE,16.0,8.75,62264.0
901,3/31/2022,47XX N KEWANEE AVE,0.5,1.1,62264.0
905,1/31/2020,47XX S KENWOOD AVE,2.57,6.845,63750.0
909,9/20/2021,47XX W ADDISON ST,4.6,4.13,55125.0
910,11/14/2019,47XX W RACE AVE,12.0,19.200000000000003,38000.0
911,9/29/2021,48XX N CALIFORNIA AVE,22.6,12.9,71322.0
912,3/29/2022,48XX N HERMITAGE AVE,4.84,6.02,81291.0
914,4/5/2022,48XX N MERRIMAC AVE,2.98,6.57,81014.0
916,8/2/2021,48XX S KEELER AVE,2.9,5.75,44266.0
918,7/31/2018,48XX S LANGLEY AVE,17.1,11.25,39602.0
919,2/9/2022,48XX S LAPORTE AVE,4.4,9.85,51034.0
920,2/7/2022,48XX S LAVERGNE AVE,11.0,9.85,51034.0
926,3/5/2020,48XX W WRIGHTWOOD AVE,2.6,13.75,47955.0
930,10/4/2018,49XX N HAMILTON AVE,4.1,1.3199999999999998,89063.0
931,9/18/2021,49XX N KILDARE AVE,7.7,12.0,70682.0
932,10/1/2021,49XX N KILDARE AVE,8.36,16.45,70682.0
935,2/23/2022,49XX N RIDGEWAY AVE,8.9,5.15,72713.0
936,11/15/2019,49XX N SEELEY AVE,5.65,13.350000000000001,82798.0
939,12/22/2016,49XX S WASHINGTON PARK CT,0.5,3.25,46750.0
940,9/3/2019,49XX W AUGUSTA BLVD,21.3,21.85,22526.0
941,12/4/2019,49XX W BARRY AVE,10.6,15.1,59246.0
943,8/13/2021,49XX W EDDY ST,67.0,53.4,55125.0
944,3/22/2022,49XX W ERIE ST,1.2,1.45,35264.0
946,1/13/2018,49XX W ROSCOE ST,7.02,28.2,55125.0
948,12/9/2019,49XX W WAVELAND AVE,17.0,7.9350000000000005,56917.0
949,2/9/2022,4XX E 46TH ST,8.5,16.0,65667.0
950,3/16/2020,4XX E 87TH ST,7.15,5.8,37228.0
951,1/13/2020,4XX E 90TH ST,1.59,7.4,30714.0
952,9/23/2019,4XX E 91ST PL,11.3,10.65,30714.0
953,10/18/2021,4XX W BRIAR PL,0.5,0.5,65426.0
954,1/27/2022,4XX W WEBSTER AVE,0.87,0.585,112788.0
955,10/20/2021,50XX N AVERS AVE,7.28,5.87,72713.0
956,11/7/2018,50XX N AVERS AVE,9.01,2.865,72713.0
957,3/30/2022,50XX N AVERS AVE,11.6,8.45,72713.0
958,11/9/2018,50XX N AVERS AVE,5.02,4.115,72713.0
959,12/18/2019,50XX N BERNARD ST,11.3,8.21,53529.0
960,1/21/2020,50XX N DRAKE AVE,12.6,5.16,53529.0
962,2/10/2022,50XX N KILBOURN AVE,5.4,12.05,70682.0
965,12/17/2019,50XX N MENARD AVE,3.2,7.825000000000001,69736.0
967,10/10/2019,50XX N MOZART ST,7.44,8.325,90250.0
972,12/27/2019,50XX N SAYRE AVE,1.56,9.87,81458.0
975,6/10/2016,50XX S WASHTENAW AVE,2.61,5.005,35707.0
976,12/17/2021,50XX W BERTEAU AVE,14.7,11.65,68157.0
977,10/16/2018,50XX W CORNELIA AVE,6.54,4.71,62734.0
978,8/27/2021,50XX W DAKIN ST,0.5,0.5,56917.0
980,9/24/2021,50XX W NEWPORT AVE,28.5,11.1,62734.0
981,8/17/2021,50XX W OAKDALE AVE,13.4,7.595000000000001,59246.0
982,3/22/2022,50XX W STRONG ST,13.0,27.5,59875.0
983,8/25/2021,50XX W WAVELAND AVE,20.2,5.32,56917.0
984,1/9/2020,50XX W WELLINGTON AVE,56.6,13.149999999999999,59246.0
987,9/17/2021,51XX N CENTRAL PARK AVE,4.94,4.77,53529.0
989,8/19/2019,51XX N KENNETH AVE,2.1,2.255,70682.0
990,9/21/2021,51XX N MENARD AVE,21.8,5.62,69736.0
991,9/17/2018,51XX N MENARD AVE,22.5,13.399999999999999,69736.0
992,8/30/2019,51XX N MONTICELLO AVE,22.2,19.45,53529.0
993,8/13/2019,51XX N NEVA AVE,14.99,16.75,81458.0
995,8/9/2021,51XX N NORMANDY AVE,11.7,7.62,81458.0
999,1/25/2022,51XX S LAWNDALE AVE,9.0,14.0,56339.0
1001,1/9/2020,51XX S LUNA AVE,5.58,30.049999999999997,56452.0
1002,9/23/2021,51XX S LUNA AVE,3.78,5.43,56452.0
1004,7/28/2016,51XX S MULLIGAN AVE,16.5,12.75,70102.0
1006,7/23/2021,51XX W AGATITE AVE,14.0,8.04,76545.0
1007,3/31/2022,51XX W CONCORD PL,11.7,12.8,46250.0
1010,11/4/2021,51XX W NELSON ST,17.8,5.734999999999999,59246.0
1012,2/5/2020,51XX W PARKER AVE,1.38,4.76,47955.0
1014,12/26/2018,52XX N BERNARD ST,7.72,7.975,53529.0
1015,12/3/2019,52XX N BERNARD ST,21.3,18.15,53529.0
1016,11/25/2019,52XX N LARAMIE AVE,9.71,15.600000000000001,86512.0
1017,8/23/2019,52XX N LEAMINGTON AVE,7.29,7.945,86512.0
1019,9/23/2019,52XX N LEAMINGTON AVE,48.9,12.25,86512.0
1020,10/21/2019,52XX N LIND AVE,9.79,10.35,86512.0
1024,8/30/2021,52XX N MILWAUKEE AVE,1.47,0.5,86512.0
1025,1/23/2020,52XX N NORMANDY AVE,15.0,11.280000000000001,75601.0
1027,9/27/2021,52XX N OLEANDER AVE,13.0,30.0,75759.0
1028,10/21/2019,52XX N ORIOLE AVE,4.33,11.55,75759.0
1029,8/16/2021,52XX N SAWYER AVE,16.8,25.75,53529.0
1031,12/11/2019,52XX N WAYNE AVE,1.31,7.324999999999999,90288.0
1032,12/15/2021,52XX S KIMBARK AVE,7.7,23.5,38852.0
1033,8/13/2021,52XX S LUNA AVE,17.1,17.45,56452.0
1034,10/12/2021,52XX S MELVINA AVE,4.62,12.45,70102.0
1036,10/18/2019,52XX S MOBILE AVE,1.5,9.29,70102.0
1037,9/8/2021,52XX S MONITOR AVE,15.0,13.0,70102.0
1038,12/16/2017,52XX S MOODY AVE,15.3,16.6,70102.0
1039,12/20/2021,52XX S MULLIGAN AVE,22.1,9.665,70102.0
1040,11/16/2018,52XX S MULLIGAN AVE,33.6,6.33,70102.0
1041,10/4/2021,52XX S MULLIGAN AVE,19.4,4.08,70102.0
1042,10/3/2019,52XX S NEENAH AVE,17.6,8.13,96326.0
1043,1/6/2020,52XX S NEVA AVE,7.22,2.81,96326.0
1045,2/14/2020,52XX S NEW ENGLAND AVE,2.77,4.4350000000000005,96326.0
1046,2/13/2020,52XX S NEWCASTLE AVE,3.58,3.885,96326.0
1047,2/11/2020,52XX S NEWCASTLE AVE,10.1,5.68,96326.0
1048,12/13/2019,52XX S RUTHERFORD AVE,8.36,4.32,96326.0
1049,10/27/2021,52XX S SAYRE AVE,22.0,8.75,96326.0
1050,8/6/2021,52XX S WELLS ST,12.4,25.6,23918.0
1051,2/7/2017,52XX W ARGYLE ST,1.28,5.075,59875.0
1052,2/6/2020,52XX W BELLE PLAINE AVE,8.25,9.899999999999999,76545.0
1053,3/15/2022,52XX W BELLE PLAINE AVE,2.5,2.1500000000000004,76545.0
1055,2/2/2017,52XX W CUYLER AVE,0.5,0.5,76545.0
1056,8/12/2021,52XX W EDDY ST,3.84,19.4,59917.0
1058,8/12/2021,52XX W LELAND AVE,9.68,12.1,76545.0
1059,1/17/2017,52XX W NELSON ST,10.6,3.68,55069.0
1063,10/11/2019,53XX N CHRISTIANA AVE,5.86,8.625,53529.0
1064,3/9/2022,53XX N LUDLAM AVE,2.13,9.35,86512.0
1067,2/2/2017,53XX N MEADE AVE,5.02,3.25,81014.0
1068,11/17/2021,53XX N MULLIGAN AVE,2.7,6.9,81014.0
1070,2/29/2020,53XX N OCONTO AVE,4.05,5.17,75759.0
1071,11/15/2018,53XX N OKETO AVE,14.7,16.200000000000003,75759.0
1074,8/31/2021,53XX S DREXEL AVE,12.0,8.6,51643.0
1075,11/10/2021,53XX S DREXEL AVE,2.16,4.83,51643.0
1083,2/19/2020,53XX S RUTHERFORD AVE,11.1,5.765000000000001,96326.0
1086,1/25/2020,53XX W GRACE ST,17.5,8.185,71190.0
1088,1/28/2020,53XX W OAKDALE AVE,9.11,4.425000000000001,55069.0
1089,8/19/2019,53XX W POTOMAC AVE,6.09,7.335,40349.0
1090,1/25/2022,53XX W WARWICK AVE,7.0,3.05,71190.0
1091,1/24/2022,53XX W WAVELAND AVE,7.7,4.449999999999999,71190.0
1092,11/27/2019,53XX W WINONA ST,2.97,10.8,86512.0
1098,9/4/2019,54XX N LUDLAM AVE,3.8,10.25,86512.0
1099,11/10/2021,54XX N MELVINA AVE,3.7,5.95,81014.0
1100,9/28/2019,54XX N MENARD AVE,5.13,7.555,81731.0
1101,2/14/2020,54XX N MOBILE AVE,0.93,4.06,81014.0
1102,3/3/2022,54XX N NATCHEZ AVE,11.2,7.57,75601.0
1103,9/3/2019,54XX N NATOMA AVE,16.0,9.335,75601.0
1104,9/4/2019,54XX N NEENAH AVE,16.5,10.95,75601.0
1105,3/21/2022,54XX N NEW ENGLAND AVE,2.6,5.25,75601.0
1106,12/27/2019,54XX N NEWCASTLE AVE,4.23,17.05,75601.0
1107,10/9/2019,54XX N SAYRE AVE,8.29,9.655,75601.0
1108,10/1/2019,54XX S HARDING AVE,13.2,17.9,56339.0
1114,1/23/2020,54XX S HOYNE AVE,20.4,23.15,32031.0
1117,3/30/2017,54XX S INGLESIDE AVE,3.08,12.3,51643.0
1118,2/15/2020,54XX S LOTUS AVE,5.25,10.85,56452.0
1119,1/31/2022,54XX S NASHVILLE AVE,10.0,7.65,96326.0
1120,12/2/2019,54XX S NEW ENGLAND AVE,10.4,10.440000000000001,96326.0
1121,10/24/2019,54XX S RIDGEWOOD CT,5.72,14.7,38852.0
1123,8/31/2021,54XX W HENDERSON ST,19.1,9.71,59917.0
1124,8/16/2017,54XX W VAN BUREN ST,5.84,2.075,34829.0
1127,7/21/2021,55XX N CHRISTIANA AVE,0.5,0.5,53529.0
1128,12/21/2019,55XX N CHRISTIANA AVE,1.79,10.25,53529.0
1130,4/5/2017,55XX N LINDER AVE,12.5,16.2,79122.0
1131,9/14/2019,55XX N LINDER AVE,3.69,5.455,79122.0
1134,3/2/2022,55XX N PARIS AVE,1.06,2.885,75759.0
1137,9/17/2019,55XX N WAYNE AVE,8.63,6.0600000000000005,90288.0
1139,8/19/2019,55XX S HOYNE AVE,8.15,14.55,26200.0
1141,12/9/2021,55XX S MASON AVE,11.9,9.02,84805.0
1142,9/10/2019,55XX S NEVA AVE,12.2,6.505,99667.0
1143,2/14/2020,55XX S NEWCASTLE AVE,6.7,8.27,99667.0
1144,11/3/2021,55XX S NORMANDY AVE,3.49,4.6899999999999995,99667.0
1147,10/28/2019,55XX W ARDMORE AVE,2.22,4.720000000000001,79122.0
1148,12/17/2021,55XX W ARDMORE AVE,1.17,2.36,79122.0
1150,12/7/2021,56XX N MILWAUKEE AVE,3.3,9.65,79122.0
1151,10/1/2019,56XX N NOTTINGHAM AVE,4.79,10.95,83197.0
1152,1/26/2022,56XX N PARKSIDE AVE,1.8,6.4,79122.0
1154,12/27/2016,56XX N ROCKWELL ST,16.4,2.3449999999999998,51467.0
1156,2/16/2022,56XX S MASON AVE,25.0,9.149999999999999,84805.0
1164,12/18/2017,57XX N KOSTNER AVE,15.7,5.51,79167.0
1165,9/28/2021,57XX N MANTON AVE,3.13,4.845000000000001,79122.0
1166,2/8/2022,57XX N MOBILE AVE,15.0,11.5,79665.0
1171,12/19/2017,57XX N VIRGINIA AVE,11.0,8.985,91477.0
1176,12/23/2019,57XX S MENARD AVE,14.4,7.140000000000001,84805.0
1177,2/11/2020,57XX S MOODY AVE,1.04,3.59,84805.0
1178,11/2/2021,57XX S NAGLE AVE,9.85,4.615,99667.0
1179,12/23/2019,57XX S NATOMA AVE,8.49,4.26,99667.0
1180,4/4/2022,57XX S NEENAH AVE,2.09,5.165,99667.0
1181,2/11/2020,57XX S NEW ENGLAND AVE,8.85,6.245,99667.0
1182,11/12/2021,57XX S NORMANDY AVE,14.2,8.05,99667.0
1184,3/8/2022,57XX W EDDY ST,1.0,5.15,64875.0
1185,9/17/2021,57XX W GROVER ST,19.7,14.3,69736.0
1187,2/3/2020,57XX W HURON ST,6.1,4.875,30196.0
1189,2/1/2022,57XX W WAVELAND AVE,11.0,8.65,67500.0
1191,10/16/2019,58XX N KILBOURN AVE,13.1,7.525,123818.0
1193,9/17/2019,58XX N LOUISE AVE,19.3,12.2,105833.0
1194,8/30/2019,58XX N LUNA AVE,17.6,12.85,79122.0
1196,8/6/2018,58XX N MARKHAM AVE,15.9,11.75,79122.0
1198,2/24/2020,58XX N MASON AVE,0.73,3.395,79122.0
1199,7/26/2018,58XX N MOBILE AVE,18.4,7.575,79665.0
1202,9/1/2016,58XX N OVERHILL AVE,11.2,25.5,93778.0
1206,8/13/2021,58XX N VIRGINIA AVE,20.7,20.0,91477.0
1209,2/19/2020,58XX S MOODY AVE,1.39,2.19,84805.0
1210,3/23/2022,58XX S NATOMA AVE,3.9,9.1,99667.0
1211,11/9/2021,58XX S NEW ENGLAND AVE,12.4,8.344999999999999,99667.0
1212,1/23/2020,58XX S NEW ENGLAND AVE,4.65,7.0600000000000005,99667.0
1213,10/7/2021,58XX W EASTWOOD AVE,21.9,5.365,64225.0
1214,8/13/2019,58XX W PATTERSON AVE,22.9,13.105,67500.0
1215,12/10/2019,58XX W SCHOOL ST,6.98,9.395,64875.0
1218,9/2/2021,59XX N DRAKE AVE,20.0,6.71,56882.0
1219,12/23/2019,59XX N EAST CIRCLE AVE,12.3,7.165,83197.0
1220,2/22/2022,59XX N EAST CIRCLE AVE,0.69,1.1,83197.0
1221,12/14/2021,59XX N EAST CIRCLE AVE,6.3,6.65,83197.0
1222,9/20/2018,59XX N HERMITAGE AVE,9.68,8.115,50781.0
1223,4/27/2016,59XX N KILPATRICK AVE,15.7,7.04,123818.0
1227,1/7/2020,59XX N LEADER AVE,10.9,7.65,105833.0
1228,9/22/2018,59XX N LEGETT AVE,38.0,19.15,105833.0
1229,2/14/2022,59XX N MELVINA AVE,1.77,6.244999999999999,79665.0
1230,2/22/2022,59XX N MERRIMAC AVE,10.0,5.95,79665.0
1231,7/27/2016,59XX N MULLIGAN AVE,0.5,1.815,79665.0
1232,10/20/2021,59XX N NEWBURG AVE,11.3,8.84,74201.0
1233,3/9/2022,59XX N NEWBURG AVE,4.29,21.8,74201.0
1234,2/15/2022,59XX N RICHMOND ST,12.4,8.295000000000002,91477.0
1235,3/23/2022,59XX N RICHMOND ST,3.3,11.8,91477.0
1236,9/3/2016,59XX S ADA ST,16.7,14.45,36875.0
1238,9/18/2021,59XX S KOMENSKY AVE,3.5,10.0,48678.0
1239,11/29/2021,59XX S KOSTNER AVE,5.85,7.95,48678.0
1241,9/2/2021,59XX S MAY ST,5.9,6.2,28304.0
1242,10/21/2021,59XX W BYRON ST,18.6,22.4,67500.0
1243,11/7/2018,59XX W BYRON ST,4.15,15.7,67500.0
1244,3/3/2020,59XX W EDDY ST,5.65,7.795,64875.0
1246,9/28/2021,59XX W PATTERSON AVE,28.8,5.17,67500.0
1247,2/17/2022,59XX W PETERSON AVE,14.0,8.95,79122.0
1248,10/4/2019,59XX W WARWICK AVE,7.68,23.1,67500.0
1249,9/9/2017,5XX E 46TH ST,30.4,19.25,27828.0
1252,1/11/2017,5XX E 91ST ST,3.35,10.09,30714.0
1253,2/18/2022,5XX N ALBANY AVE,5.07,8.77,28365.0
1254,2/18/2022,5XX N LONG AVE,2.24,5.795,22905.0
1258,2/14/2022,5XX W 107TH ST,5.93,4.855,41167.0
1259,2/8/2022,5XX W 120TH ST,8.8,13.5,44436.0
1260,5/19/2017,5XX W 128TH ST,2.59,0.97,39231.0
1261,12/10/2021,5XX W 38TH ST,4.2,10.85,80000.0
1262,9/23/2019,5XX W 97TH ST,12.4,11.95,60755.0
1263,9/17/2018,5XX W ALDINE AVE,2.4,2.45,60909.0
1264,12/9/2021,5XX W ARLINGTON PL,1.7,5.75,58914.0
1265,10/26/2021,5XX W BELMONT AVE,2.2,1.6,65426.0
1266,10/2/2018,5XX W DICKENS AVE,0.5,1.35,112788.0
1267,10/18/2019,60XX N DRAKE AVE,13.8,14.899999999999999,43438.0
1268,9/14/2019,60XX N KEDZIE AVE,2.17,10.8,47063.0
1271,3/10/2020,60XX N MARMORA AVE,20.8,4.385,79122.0
1274,8/30/2019,60XX N MASON AVE,2.62,4.8,79122.0
1275,1/31/2020,60XX N MENARD AVE,0.32,0.55,79122.0
1278,9/4/2019,60XX N SACRAMENTO AVE,9.43,11.05,47063.0
1279,3/10/2020,60XX N SAINT LOUIS AVE,1.23,5.745,43438.0
1281,3/6/2020,60XX S AUSTIN AVE,11.7,10.5,68397.0
1284,2/15/2020,60XX S KILPATRICK AVE,3.05,7.58,44013.0
1285,12/10/2019,60XX S MOBILE AVE,1.23,5.745,68397.0
1286,10/23/2018,60XX S MONITOR AVE,19.0,4.215,68397.0
1288,11/24/2021,60XX S NORMANDY AVE,8.11,1.96,68902.0
1289,10/12/2021,60XX W BERENICE AVE,11.4,17.45,72122.0
1291,7/19/2018,61XX N AVERS AVE,0.5,3.435,43438.0
1292,9/27/2018,61XX N CAMPBELL AVE,5.49,5.775,48067.0
1294,1/6/2018,61XX N KARLOV AVE,5.17,3.2,123818.0
1296,12/20/2021,61XX N KILBOURN AVE,11.8,16.2,123818.0
1298,9/3/2019,61XX N MAPLEWOOD AVE,8.24,1.2400000000000002,48067.0
1299,7/8/2016,61XX N MCCLELLAN AVE,9.35,10.25,133622.0
1302,8/19/2016,61XX N OTTAWA AVE,6.97,6.94,93778.0
1306,12/11/2019,61XX S KILBOURN AVE,8.71,5.845000000000001,48678.0
1307,11/9/2016,61XX S KOLMAR AVE,15.2,13.4,48678.0
1308,8/13/2018,61XX S MEADE AVE,22.7,14.7,68397.0
1309,12/27/2019,61XX S MOODY AVE,4.0,4.515,68397.0
1311,2/25/2020,61XX S PAULINA ST,2.78,11.75,35074.0
1312,1/12/2017,61XX S RHODES AVE,0.5,0.5,23625.0
1313,11/19/2016,61XX W DAKIN ST,35.6,11.350000000000001,72122.0
1316,12/20/2021,61XX W GIDDINGS ST,6.65,16.1,69320.0
1317,12/7/2019,61XX W LAWRENCE AVE,21.2,9.51,69320.0
1318,9/11/2019,61XX W LELAND AVE,3.14,6.285,69320.0
1319,1/23/2020,61XX W PETERSON AVE,6.12,6.465,79665.0
1320,1/23/2020,61XX W WAVELAND AVE,2.01,7.93,72122.0
1322,8/17/2018,62XX N KEDVALE AVE,17.3,5.615,123818.0
1323,4/13/2022,62XX N LAKEWOOD AVE,3.03,19.7,65810.0
1324,3/3/2020,62XX N LAKEWOOD AVE,3.03,2.62,65810.0
1328,1/15/2020,62XX N LEROY AVE,1.88,11.45,105833.0
1329,1/27/2020,62XX N LOUISE AVE,11.4,5.165,133622.0
1331,9/7/2019,62XX N RICHMOND ST,20.6,5.9350000000000005,47063.0
1336,12/28/2019,62XX S MASON AVE,5.38,28.700000000000003,68397.0
1337,9/5/2019,62XX S MASON AVE,22.8,10.7,68397.0
1338,12/13/2021,62XX S NEENAH AVE,15.0,17.0,68902.0
1340,5/23/2019,62XX W 64TH ST,6.23,16.4,44085.0
1344,6/5/2018,62XX W NEWPORT AVE,9.5,6.859999999999999,63111.0
1345,8/11/2018,62XX W PETERSON AVE,10.2,19.0,79665.0
1346,12/16/2021,63XX N ALBANY AVE,5.7,8.25,47063.0
1348,3/28/2022,63XX N KIRKWOOD AVE,14.5,7.245,123818.0
1351,1/25/2022,63XX N KOLMAR AVE,6.0,27.0,123818.0
1353,8/22/2019,63XX N LEROY AVE,3.24,10.2,105833.0
1355,11/18/2021,63XX N MELVINA AVE,4.5,11.5,79665.0
1356,2/25/2020,63XX N NEENAH AVE,6.79,12.9,74201.0
1357,12/13/2019,63XX N NEENAH AVE,11.7,11.350000000000001,74201.0
1358,7/8/2017,63XX N NOKOMIS AVE,2.13,3.495,105833.0
1362,12/2/2021,63XX N ORIOLE AVE,9.1,10.0,83197.0
1363,2/4/2020,63XX N TRIPP AVE,11.7,9.93,123818.0
1366,4/6/2022,63XX S KOSTNER AVE,5.22,8.62,57875.0
1367,11/5/2021,63XX S MARSHFIELD AVE,3.6,11.5,21699.0
1369,2/4/2020,63XX W HYACINTH ST,1.54,6.34,79665.0
1370,3/30/2022,63XX W WARWICK AVE,1.23,4.19,72122.0
1371,1/22/2020,64XX N FAIRFIELD AVE,7.34,12.75,41308.0
1376,7/30/2018,64XX N NORDICA AVE,17.2,7.2250000000000005,74201.0
1377,9/18/2019,64XX N OKETO AVE,31.6,33.95,97102.0
1379,11/16/2021,64XX N TAHOMA AVE,12.9,14.149999999999999,105833.0
1380,2/24/2020,64XX S KEATING AVE,7.34,5.665,52381.0
1381,3/28/2022,64XX S LANGLEY AVE,0.5,0.5,18983.0
1383,3/4/2020,65XX N CALDWELL AVE,3.94,3.895,133622.0
1384,3/24/2018,65XX N FAIRFIELD AVE,2.0,3.04,41308.0
1385,4/20/2017,65XX N HIAWATHA AVE,2.85,4.640000000000001,105833.0
1386,12/16/2019,65XX N MAPLEWOOD AVE,9.02,23.200000000000003,53234.0
1387,8/16/2018,65XX N MINNETONKA AVE,22.8,26.8,133622.0
1392,11/5/2021,65XX N SPOKANE AVE,67.0,65.0,105833.0
1393,9/26/2019,65XX N WASHTENAW AVE,3.04,9.719999999999999,53234.0
1394,1/22/2020,65XX N WAUKESHA AVE,13.1,5.86,133622.0
1396,8/14/2018,65XX S DREXEL AVE,4.18,4.645,34333.0
1397,11/15/2021,65XX S KILPATRICK AVE,6.74,13.25,52381.0
1399,4/5/2022,65XX W CLARENCE AVE,14.6,8.205,74201.0
1400,9/9/2019,65XX W FOSTER AVE,2.78,10.15,75601.0
1404,8/1/2018,66XX N BOSWORTH AVE,16.4,9.8,47355.0
1405,3/17/2017,66XX N BOSWORTH AVE,12.0,12.8,47355.0
1408,9/28/2021,66XX N MAPLEWOOD AVE,1.43,1.6400000000000001,53234.0
1410,10/28/2016,66XX N ONARGA AVE,2.31,1.7000000000000002,103733.0
1415,8/26/2019,66XX S ROCKWELL ST,9.14,6.880000000000001,36783.0
1416,12/12/2019,66XX W FOSTER AVE,5.57,6.574999999999999,81458.0
1419,10/7/2019,67XX N JEAN AVE,21.7,10.7,133622.0
1420,9/19/2018,67XX N LIGHTFOOT AVE,27.3,8.969999999999999,133622.0
1421,3/4/2017,67XX N LOLETA AVE,13.8,11.8,133622.0
1422,8/20/2021,67XX N NEWGARD AVE,9.0,11.5,47549.0
1424,10/18/2021,67XX N WHIPPLE ST,3.6,17.200000000000003,54496.0
1425,1/12/2017,67XX S KEDVALE AVE,3.62,3.9800000000000004,61972.0
1427,10/2/2019,67XX S MORGAN ST,10.1,15.15,21266.0
1428,2/10/2020,67XX S NORMAL BLVD,10.7,4.71,19662.0
1429,6/1/2019,67XX W 56TH ST,21.0,5.515000000000001,99667.0
1431,9/9/2019,68XX N LOLETA AVE,9.99,10.3,133622.0
1433,3/1/2022,68XX N OLCOTT AVE,9.25,9.46,103733.0
1436,5/25/2018,68XX N WAUKESHA AVE,18.4,6.145,105833.0
1438,8/27/2019,68XX N WILDWOOD AVE,5.0,4.9399999999999995,133622.0
1444,10/20/2021,68XX W HIGGINS AVE,1.99,11.9,75601.0
1446,10/29/2016,69XX N CENTRAL AVE,1.68,12.35,105833.0
1447,10/1/2019,69XX N CHICORA AVE,16.4,5.885,105833.0
1449,1/29/2020,69XX N ORIOLE AVE,1.43,8.285,103733.0
1451,1/14/2020,69XX S KARLOV AVE,4.12,5.175,61972.0
1453,3/1/2022,69XX W HOBART AVE,7.64,7.08,83197.0
1454,11/15/2021,6XX E 100TH ST,23.6,14.25,40612.0
1460,11/7/2019,6XX W 129TH PL,14.0,9.11,39231.0
1462,3/6/2020,6XX W DEMING PL,18.7,22.7,92441.0
1467,8/4/2018,70XX N MCALPIN AVE,17.8,5.53,133622.0
1468,8/22/2019,70XX N TAHOMA AVE,15.5,10.4,133622.0
1472,2/9/2022,71XX N OLEANDER AVE,5.6,6.2,103733.0
1473,9/21/2019,71XX S ARTESIAN AVE,3.12,2.96,31310.0
1474,9/16/2019,71XX S DOBSON AVE,4.62,13.15,37328.0
1477,5/22/2018,71XX W 64TH PL,7.82,4.565,83574.0
1479,11/29/2021,72XX N DAMEN AVE,1.56,3.585,39549.0
1482,12/7/2021,72XX N ORIOLE AVE,1.62,5.800000000000001,95990.0
1484,1/15/2020,72XX S CORNELL AVE,3.28,1.77,18432.0
1485,2/4/2020,72XX S EUCLID AVE,9.41,10.35,18432.0
1486,2/15/2020,72XX S HERMITAGE AVE,1.79,7.39,43063.0
1487,9/9/2019,72XX S TALMAN AVE,7.95,10.850000000000001,31310.0
1488,3/18/2022,72XX W BRYN MAWR AVE,2.1,9.65,83197.0
1489,2/2/2022,72XX W LUNT AVE,15.0,10.25,103733.0
1490,9/18/2019,72XX W MYRTLE AVE,7.41,5.66,83197.0
1491,3/11/2020,72XX W PRATT AVE,13.0,6.25,103733.0
1494,10/28/2021,73XX N MEADE AVE,17.0,17.0,133622.0
1495,8/18/2018,73XX N MEADE AVE,27.4,8.934999999999999,133622.0
1497,12/31/2019,73XX N OLCOTT AVE,8.9,5.475,95990.0
1498,11/17/2021,73XX N OSCEOLA AVE,7.7,9.6,95990.0
1499,11/9/2021,73XX N OTTAWA AVE,28.4,11.1,95990.0
1500,8/5/2021,73XX N OTTAWA AVE,17.1,40.55,95990.0
1502,10/21/2021,73XX S EBERHART AVE,6.62,13.25,27554.0
1503,12/1/2021,73XX S INDIANA AVE,7.63,4.61,36806.0
1510,12/14/2021,74XX N OKETO AVE,23.0,11.0,95990.0
1511,3/1/2022,74XX N ORIOLE AVE,9.73,9.22,95990.0
1512,10/18/2019,74XX N OTTAWA AVE,9.13,8.504999999999999,95990.0
1513,8/26/2019,74XX N PAULINA ST,10.0,7.675,38370.0
1514,10/2/2019,74XX N ROCKWELL ST,2.5,2.51,66831.0
1515,9/28/2016,74XX S CLAREMONT AVE,9.35,9.379999999999999,31310.0
1516,1/30/2020,74XX S MAPLEWOOD AVE,25.0,13.7,31310.0
1517,12/9/2019,74XX S MERRILL AVE,19.4,5.9350000000000005,44286.0
1518,3/4/2022,74XX W PALATINE AVE,12.0,18.5,83197.0
1520,1/28/2022,75XX N OKETO AVE,13.0,11.5,95990.0
1522,9/10/2018,75XX N WASHTENAW AVE,15.4,16.049999999999997,66831.0
1525,12/6/2021,75XX S PAULINA ST,4.7,32.15,35274.0
1527,10/18/2021,75XX S WINCHESTER AVE,8.06,5.385,35274.0
1528,2/10/2022,75XX W HOWARD ST,3.7,5.16,95990.0
1531,10/15/2019,76XX S HERMITAGE AVE,3.35,7.995,35274.0
1532,1/30/2020,76XX S HONORE ST,1.01,2.29,35274.0
1533,10/1/2019,76XX S HOYNE AVE,5.95,16.75,35274.0
1537,6/21/2016,76XX S MERRILL AVE,1.14,1.27,49413.0
1539,2/3/2020,77XX S BISHOP ST,2.67,5.965,35224.0
1541,3/28/2022,77XX S HOYNE AVE,12.2,12.600000000000001,35274.0
1542,1/25/2022,77XX S THROOP ST,41.0,8.15,28014.0
1543,10/8/2021,77XX S TRIPP AVE,15.1,7.095000000000001,64659.0
1544,10/1/2019,77XX W BERWYN AVE,7.0,18.700000000000003,75759.0
1545,1/20/2018,77XX W FARRAGUT AVE,4.02,37.4,75759.0
1546,12/17/2019,77XX W HOOD AVE,7.26,12.45,93778.0
1547,12/3/2021,77XX W VICTORIA ST,3.4,13.0,93778.0
1549,9/26/2019,78XX S CARPENTER ST,1.3,1.415,31233.0
1550,3/29/2017,78XX S EGGLESTON AVE,4.94,11.55,34657.0
1553,2/23/2022,78XX S YATES BLVD,1.7,1.8,49413.0
1554,2/15/2022,78XX W SUMMERDALE AVE,16.0,18.0,75759.0
1556,6/4/2018,79XX S CAMPBELL AVE,1.42,1.725,66886.0
1557,9/7/2021,79XX S CAMPBELL AVE,11.3,8.614999999999998,66886.0
1559,12/13/2021,79XX S CONSTANCE AVE,0.68,1.4,46162.0
1560,2/6/2020,79XX S EVANS AVE,8.34,4.449999999999999,26508.0
1563,12/24/2019,79XX S KIMBARK AVE,9.07,9.55,42766.0
1565,1/30/2020,79XX S MAPLEWOOD AVE,3.82,23.9,66886.0
1566,3/31/2022,79XX S RICHMOND ST,2.0,7.1,66886.0
1567,12/16/2019,79XX S WOODLAWN AVE,13.8,17.65,42766.0
1569,12/2/2021,7XX N LATROBE AVE,3.7,5.9350000000000005,22905.0
1573,1/24/2020,7XX W GORDON TER,0.2,0.225,69590.0
1576,12/9/2021,7XX W WRIGHTWOOD AVE,21.5,6.96,92441.0
1577,9/21/2021,80XX S ALBANY AVE,18.8,6.55,66886.0
1578,12/7/2021,80XX S BENNETT AVE,48.4,8.96,46162.0
1579,4/30/2016,80XX S CONSTANCE AVE,2.7,17.200000000000003,46162.0
1580,11/9/2016,80XX S JUSTINE ST,9.52,5.98,32955.0
1581,9/29/2021,80XX S KILPATRICK AVE,2.7,6.800000000000001,67765.0
1582,10/1/2019,80XX S KILPATRICK AVE,15.9,16.1,67765.0
1583,3/15/2022,80XX S LOOMIS BLVD,17.8,8.035,32955.0
1584,9/6/2019,80XX S MERRILL AVE,2.77,7.095000000000001,46162.0
1588,5/15/2018,81XX S ANTHONY AVE,16.4,25.85,44333.0
1589,2/8/2022,81XX S ARTESIAN AVE,6.3,5.3,66886.0
1592,3/4/2016,81XX S EUCLID AVE,0.5,0.5,46162.0
1600,1/21/2020,81XX S MARQUETTE AVE,10.6,7.34,27391.0
1604,4/1/2022,81XX W BALMORAL AVE,42.0,3.1500000000000004,75759.0
1605,12/10/2021,81XX W BALMORAL AVE,2.7,10.3,75759.0
1606,2/10/2020,82XX S ANTHONY AVE,12.4,12.5,44333.0
1607,2/4/2020,82XX S BUFFALO AVE,2.56,7.720000000000001,35000.0
1610,9/12/2019,82XX S LOOMIS BLVD,2.09,2.895,19660.0
1612,9/9/2019,82XX S TROY ST,12.4,3.9850000000000003,66886.0
1613,1/22/2020,83XX S CALUMET AVE,2.42,3.74,53594.0
1616,9/21/2021,83XX S KOMENSKY AVE,11.4,6.005,68488.0
1617,3/25/2022,83XX S MARSHFIELD AVE,6.86,5.16,42596.0
1618,8/19/2021,83XX S OGLESBY AVE,1.41,2.575,46162.0
1619,8/3/2018,83XX S PERRY AVE,4.03,17.95,39097.0
1621,2/26/2020,83XX S SANGAMON ST,19.5,17.0,37628.0
1623,1/2/2020,83XX S WINCHESTER AVE,5.81,6.245,42596.0
1628,1/24/2022,84XX S DREXEL AVE,2.3,3.5,28393.0
1629,8/23/2016,84XX S HERMITAGE AVE,11.0,11.95,42596.0
1633,12/23/2019,84XX S RHODES AVE,2.12,8.445,30100.0
1634,6/5/2017,84XX S ROCKWELL ST,15.0,7.1,95750.0
1636,8/30/2016,85XX S DANTE AVE,20.4,11.8,42766.0
1637,12/30/2019,85XX S MARSHFIELD AVE,8.79,9.59,42596.0
1638,8/17/2018,85XX S MUSKEGON AVE,2.69,2.05,35845.0
1641,3/7/2020,85XX S WALLACE ST,10.9,11.55,30052.0
1642,10/8/2019,85XX W AGATITE AVE,20.4,19.55,52188.0
1644,9/6/2019,86XX S KINGSTON AVE,23.9,14.85,39605.0
1648,1/28/2020,87XX S DORCHESTER AVE,15.1,9.205,45441.0
1650,3/11/2020,87XX S WOOD ST,20.9,11.25,35086.0
1651,1/24/2022,87XX S WOOD ST,2.8,17.5,35086.0
1654,9/27/2019,88XX S CREGIER AVE,10.8,8.379999999999999,61495.0
1656,11/30/2019,88XX S DAUPHIN AVE,9.8,9.41,25931.0
1657,11/12/2016,88XX S EGGLESTON AVE,4.3,6.085,47022.0
1659,3/12/2020,88XX S HERMITAGE AVE,18.4,12.25,35086.0
1660,9/14/2021,88XX S KENWOOD AVE,10.0,11.0,45441.0
1661,8/16/2021,88XX S LAFLIN ST,5.02,4.855,40777.0
1663,9/12/2019,88XX S MERRILL AVE,24.5,12.8,61495.0
1665,8/17/2021,88XX S PAXTON AVE,18.4,4.135,61495.0
1666,4/17/2017,88XX S PAXTON AVE,7.76,4.005,61495.0
1667,1/22/2020,88XX S PLEASANT AVE,18.1,8.155000000000001,152422.0
1676,9/3/2019,89XX S CRANDON AVE,13.3,4.68,50426.0
1680,12/10/2019,89XX S JEFFERY BLVD,8.3,6.965,50426.0
1682,10/14/2016,89XX S OAKLEY AVE,9.6,9.625,152422.0
1683,2/17/2022,89XX S PAULINA ST,0.91,1.7,35086.0
1686,6/30/2017,8XX N CAMPBELL AVE,3.52,9.145,68036.0
1687,12/3/2019,8XX N LOCKWOOD AVE,7.73,10.415,47875.0
1688,10/15/2021,8XX S ADA ST,11.2,10.870000000000001,74890.0
1689,12/7/2018,8XX W 19TH ST,3.36,5.385,51576.0
1691,7/10/2017,8XX W LILL AVE,13.1,6.359999999999999,143221.0
1692,7/31/2018,8XX W LILL AVE,5.54,8.515,143221.0
1693,5/29/2018,8XX W LILL AVE,0.5,0.5,143221.0
1698,11/18/2021,8XX W WILLOW ST,12.0,14.0,148616.0
1699,8/18/2021,90XX S CARPENTER ST,25.4,27.55,52046.0
1700,9/16/2019,90XX S CHAPPEL AVE,1.78,6.12,50426.0
1704,11/12/2016,90XX S ESSEX AVE,18.4,14.649999999999999,40250.0
1706,11/30/2021,90XX S KINGSTON AVE,7.1,11.0,40250.0
1708,1/6/2017,91XX S BELL AVE,15.8,13.7,152422.0
1712,2/11/2020,91XX S GREEN ST,2.65,8.95,52046.0
1713,2/3/2020,91XX S GREEN ST,2.39,14.25,52046.0
1717,2/1/2020,91XX S PRAIRIE AVE,22.8,25.0,55667.0
1718,3/25/2016,92XX S DAUPHIN AVE,0.5,0.5,25931.0
1720,10/9/2019,92XX S FOREST AVE,23.0,7.18,55667.0
1721,10/7/2016,92XX S HAMILTON AVE,32.9,14.55,152422.0
1722,8/7/2018,92XX S HOYNE AVE,23.0,7.18,152422.0
1723,2/26/2020,92XX S JUSTINE ST,4.02,5.765,27500.0
1726,8/19/2021,92XX S PRAIRIE AVE,9.78,4.665,55667.0
1732,9/29/2016,93XX S OAKLEY AVE,23.1,5.285,152422.0
1733,9/12/2019,93XX S PARNELL AVE,24.2,23.25,51313.0
1734,2/24/2020,93XX S PEORIA ST,6.29,6.744999999999999,52046.0
1735,12/13/2016,93XX S PHILLIPS AVE,9.54,31.25,40250.0
1738,8/5/2021,94XX S CALUMET AVE,3.56,9.465,55667.0
1747,10/7/2016,95XX S CLAREMONT AVE,9.0,2.8,122727.0
1748,9/2/2021,95XX S DAMEN AVE,7.73,3.015,73300.0
1749,9/8/2016,95XX S EMERALD AVE,6.09,7.73,60755.0
1753,5/26/2016,95XX S PROSPECT AVE,12.2,19.0,73300.0
1754,11/30/2019,95XX S SEELEY AVE,6.15,4.705,122727.0
1758,8/22/2019,96XX S BISHOP ST,35.1,8.07,73077.0
1759,1/24/2017,96XX S CRANDON AVE,0.5,3.25,30069.0
1760,4/16/2016,96XX S DAMEN AVE,10.4,4.815,122727.0
1761,4/7/2022,96XX S MORGAN ST,8.25,7.98,73077.0
1763,1/18/2019,96XX S PRAIRIE AVE,25.2,10.135,54137.0
1764,9/29/2016,96XX S PRAIRIE AVE,36.1,14.850000000000001,54137.0
1767,8/3/2018,96XX S WINCHESTER AVE,17.8,16.65,73300.0
1768,7/3/2017,96XX S WINCHESTER AVE,47.4,40.400000000000006,73300.0
1772,5/16/2019,97XX S WINCHESTER AVE,10.5,11.45,73300.0
1773,11/1/2017,97XX S YATES AVE,12.1,31.15,30069.0
1777,9/18/2019,98XX S CHARLES ST,22.3,10.4,73300.0
1778,10/17/2019,98XX S DAMEN AVE,30.3,9.585,73300.0
1783,10/21/2016,98XX S MANISTEE AVE,14.4,7.53,44423.0
1784,3/4/2022,98XX S MARYLAND AVE,3.2,6.3,46517.0
1785,10/8/2019,99XX S CALIFORNIA AVE,2.96,9.43,98281.0
1786,9/15/2021,99XX S CHARLES ST,7.9,6.65,73300.0
1787,8/27/2019,99XX S CLYDE AVE,3.15,15.25,30069.0
1789,2/18/2022,99XX S DAMEN AVE,3.3,3.0,122727.0
1794,3/21/2019,99XX S LONGWOOD DR,9.4,9.54,73300.0
1795,1/21/2020,99XX S MERRILL AVE,7.78,15.649999999999999,30069.0
1796,5/14/2016,99XX S PERRY AVE,1.53,2.4450000000000003,39787.0
1797,8/22/2016,99XX S PROSPECT AVE,18.3,10.55,73300.0
1798,3/6/2020,99XX S SANGAMON ST,7.52,6.74,37207.0
1799,9/18/2018,9XX N DAMEN AVE,4.4,8.6,113618.0
1800,9/21/2021,9XX N FAIRFIELD AVE,13.2,15.850000000000001,57362.0
1802,1/26/2022,9XX W GUNNISON ST,18.0,9.4,41445.0
1804,11/22/2021,XX W 78TH ST,7.06,17.65,34657.0
1805,10/28/2021,XX W 81ST ST,2.37,5.195,39097.0
1806,6/18/2019,XX W BURTON PL,6.71,5.585,87221.0
